{"cameraMode":{"drawMode":0,"name":"Shaded","section":"Shading Mode"},"sceneLighting":true,"audioPlay":false,"sceneViewState":{"m_AlwaysRefresh":false,"showFog":true,"showSkybox":true,"showFlares":true,"showImageEffects":true,"showParticleSystems":true,"showVisualEffectGraphs":true,"m_FxEnabled":true},"in2DMode":false,"pivot":{"x":2.5771098136901857,"y":0.03104698285460472,"z":5.277548789978027},"rotation":{"x":-0.1688053011894226,"y":-0.25778114795684817,"z":0.045792192220687869,"w":-0.9502448439598084},"size":4.792604923248291,"orthographic":false}